578;pvz.newTask.icon_266
575;pvz.newTask.icon_3
572;pvz.newTask.icon_472
569;pvz.newTask.taskBtn
551;pvz.newTask.tag
546;pvz.newTask.item
538;scrollBar_bg
537;pvz.newTask.newTaskWindw
529;taskWindow_20150504_fla.Timeline_20
526;taskWindow_20150504_fla.Timeline_19
523;taskWindow_20150504_fla.Timeline_18
520;taskWindow_20150504_fla.Timeline_14
502;scrollBar_btnDown
500;scrollBar_btnUp
497;taskWindow
453;pvz.newTask.icon_8
452;pvz.newTask.icon_135
449;pvz.newTask.icon_10
446;pvz.newTask.icon_18
443;pvz.newTask.icon_19
440;pvz.newTask.icon_20
437;pvz.newTask.icon_23
434;pvz.newTask.icon_39
431;pvz.newTask.icon_41
428;pvz.newTask.icon_84
425;pvz.newTask.icon_88
422;pvz.newTask.icon_94
419;pvz.newTask.icon_96
416;pvz.newTask.icon_97
413;pvz.newTask.icon_98
410;pvz.newTask.icon_99
407;pvz.newTask.icon_101
404;pvz.newTask.icon_103
401;pvz.newTask.icon_104
398;pvz.newTask.icon_105
395;pvz.newTask.icon_106
392;pvz.newTask.icon_107
389;pvz.newTask.icon_113
386;pvz.newTask.icon_116
383;pvz.newTask.icon_117
380;pvz.newTask.icon_123
377;pvz.newTask.icon_127
374;pvz.newTask.icon_128
371;pvz.newTask.icon_131
368;pvz.newTask.icon_132
365;pvz.newTask.icon_133
362;pvz.newTask.icon_134
361;pvz.newTask.icon_4
360;pvz.newTask.icon_7
357;pvz.newTask.icon_151
354;pvz.newTask.icon_152
351;pvz.newTask.icon_153
348;pvz.newTask.icon_154
345;pvz.newTask.icon_155
342;pvz.newTask.icon_156
339;pvz.newTask.icon_157
336;pvz.newTask.icon_158
333;pvz.newTask.icon_162
330;pvz.newTask.icon_164
327;pvz.newTask.icon_166
324;pvz.newTask.icon_167
321;pvz.newTask.icon_170
318;pvz.newTask.icon_172
315;pvz.newTask.icon_184
312;pvz.newTask.icon_188
309;pvz.newTask.icon_189
306;pvz.newTask.icon_190
303;pvz.newTask.icon_211
300;pvz.newTask.icon_216
297;pvz.newTask.icon_221
294;pvz.newTask.icon_236
291;pvz.newTask.icon_267
288;pvz.newTask.icon_268
285;pvz.newTask.icon_287
282;pvz.newTask.icon_288
279;pvz.newTask.icon_289
276;pvz.newTask.icon_290
273;pvz.newTask.icon_292
270;pvz.newTask.icon_293
267;pvz.newTask.icon_294
264;pvz.newTask.icon_298
261;pvz.newTask.icon_299
258;pvz.newTask.icon_300
255;pvz.newTask.icon_301
252;pvz.newTask.icon_306
249;pvz.newTask.icon_310
246;pvz.newTask.icon_333
243;pvz.newTask.icon_334
240;pvz.newTask.icon_335
237;pvz.newTask.icon_336
234;pvz.newTask.icon_337
231;pvz.newTask.icon_346
228;pvz.newTask.icon_347
225;pvz.newTask.icon_348
222;pvz.newTask.icon_349
219;pvz.newTask.icon_350
216;pvz.newTask.icon_360
213;pvz.newTask.icon_369
210;pvz.newTask.icon_371
207;pvz.newTask.icon_373
204;pvz.newTask.icon_374
201;pvz.newTask.icon_376
198;pvz.newTask.icon_377
195;pvz.newTask.icon_381
192;pvz.newTask.icon_382
189;pvz.newTask.icon_383
186;pvz.newTask.icon_386
183;pvz.newTask.icon_391
180;pvz.newTask.icon_398
177;pvz.newTask.icon_407
174;pvz.newTask.icon_408
171;pvz.newTask.icon_412
168;pvz.newTask.icon_418
165;pvz.newTask.icon_419
162;pvz.newTask.icon_421
159;pvz.newTask.icon_422
156;pvz.newTask.icon_423
153;pvz.newTask.icon_424
150;pvz.newTask.icon_434
147;pvz.newTask.icon_443
144;pvz.newTask.icon_470
141;pvz.newTask.icon_473
138;pvz.newTask.icon_478
135;pvz.newTask.icon_482
132;pvz.newTask.icon_484
129;pvz.newTask.icon_492
126;pvz.newTask.icon_493
123;pvz.newTask.icon_495
120;pvz.newTask.icon_496
117;pvz.newTask.icon_502
114;pvz.newTask.icon_517
111;pvz.newTask.icon_518
108;pvz.newTask.icon_520
105;pvz.newTask.icon_560
102;pvz.newTask.icon_675
99;pvz.newTask.icon_676
96;pvz.newTask.icon_678
93;pvz.newTask.icon_679
90;pvz.newTask.icon_695
87;pvz.newTask.icon_702
84;pvz.newTask.icon_1014
81;pvz.newTask.icon_1027
78;pvz.newTask.icon_1028
75;pvz.newTask.icon_1038
72;pvz.newTask.icon_1042
69;pvz.newTask.icon_1043
66;pvz.newTask.icon_1046
63;pvz.newTask.icon_1049
60;pvz.newTask.icon_1050
57;pvz.newTask.icon_1037
54;pvz.newTask.icon_163
51;pvz.newTask.icon_413
48;pvz.newTask.icon_430
45;pvz.newTask.icon_431
42;pvz.newTask.icon_440
39;pvz.newTask.icon_441
36;pvz.newTask.icon_1011
33;pvz.newTask.icon_1018
30;pvz.newTask.icon_1021
27;pvz.newTask.icon_1036
24;pvz.newTask.taskxiegang
23;task_1
22;task_10
21;task_11
20;pvz.newTask.taskxiegang1
19;task_12
18;task_13
17;task_14
16;task_15
15;task_16
14;task_17
13;task_18
12;task_19
11;task_2
10;task_3
9;task_4
8;task_5
7;task_6
6;task_7
5;task_8
4;task_9
3;scrollBar_bar
2;pvz.newTask.wan1
1;pvz.newTask.wan
